[
    {
        "question" : "(1) How to combine filter with expression?",
        "option" : ["Using Comma {{expression, pipe}}" , "Using Dot {{expression. pipe}}", "Using Pipe {{expression | pipe}}", "Using Slash {{expression / pipe}}"],
        "answer" : "(3) Using Pipe {{expression | pipe}}"
    },

    {
        "question" : "(2) Which community Angular JS belongs to?",
        "option" : ["Facebook" , "Whatsapp", "Google", "Twitter"],
        "answer" : "(3) Google"
    },
    {
        "question" : "(3) How many $RootScope an angular JS application can have?",
        "option" : ["Zero" , "One", "Two", "Infinity"],
        "answer" : "(2) One"
    },
    {
        "question" : "(4)Which sign is used as prefix for the built-in objects in AngularJS?",
        "option" : ["#" , "%", "@", "$"],
        "answer" : "(4) $"
    }

]